Itotal,Tbreaker,ThermalSlope,TimeAboveRated,TimeTempRising,State
7.49080237694725,68.52142919229749,0.0,0.0,0.0,Normal
26.38792635777333,68.99684415062859,0.4754149583311031,1.0,1.0,Overload
1.1616722433639892,68.99684415062859,0.0,0.0,0.0,Normal
14.161451555920909,68.99684415062859,0.0,0.0,0.0,Normal
28.491983767203795,69.63378244966705,0.636938299038466,1.0,1.0,Overload
3.6680901970686763,69.63378244966705,0.0,0.0,0.0,Normal
8.638900372842315,69.63378244966705,0.0,0.0,0.0,Normal
2.7898772130408367,69.63378244966705,0.0,0.0,0.0,Normal
9.12139968434072,69.8750283952771,0.24124594561004953,0.0,1.0,Normal
10.284688768272233,69.98167740255275,0.10664900727565407,0.0,2.0,Normal
12.150897038028766,69.98167740255275,0.0,0.0,0.0,Normal
18.977710745066666,70.89619497288064,0.9145175703278927,0.0,1.0,Overheating (Loose Terminal)
23.741523922560337,71.18094328301504,0.2847483101344007,1.0,2.0,Normal
8.803049874792027,71.18094328301504,0.0,0.0,0.0,Normal
0.6877704223043679,71.18094328301504,0.0,0.0,0.0,Normal
13.25044568707964,71.18094328301504,0.0,0.0,0.0,Normal
10.934205586865593,71.18094328301504,0.0,0.0,0.0,Normal
27.976195410250032,72.51925199509174,1.3383087120766908,1.0,1.0,Overload
26.381099809299766,73.76018122057984,1.240929225488105,2.0,2.0,Overload
3.919657248382904,73.76018122057984,0.0,0.0,0.0,Normal
7.773545793789641,73.76018122057984,0.0,0.0,0.0,Normal
24.210779940242304,74.25165472727933,0.49147350669949597,1.0,1.0,Normal
2.818484499495253,74.25165472727933,0.0,0.0,0.0,Normal
19.737738732010346,75.0107864331765,0.7591317058971747,0.0,1.0,Overheating (Loose Terminal)
0.11044234247204798,75.0107864331765,0.0,0.0,0.0,Normal
27.561064512368887,76.1601100054809,1.14932357230439,1.0,1.0,Overload
7.169314570885453,76.1601100054809,0.0,0.0,0.0,Normal
26.609683141448023,76.82149218740595,0.6613821819250504,1.0,1.0,Overload
6.219646434313244,76.82149218740595,0.0,0.0,0.0,Normal
26.738017242196918,78.04560579209212,1.2241136046861725,1.0,1.0,Overload
2.391884918766034,78.04560579209212,0.0,0.0,0.0,Normal
26.051494778125466,79.11914771095296,1.0735419188608344,1.0,1.0,Overload
10.454656587639882,79.11914771095296,0.0,0.0,0.0,Normal
2.157828539866089,79.11914771095296,0.0,0.0,0.0,Normal
6.287119621526534,79.11914771095296,0.0,0.0,0.0,Normal
23.243630062339875,79.69171213710558,0.5725644261526235,1.0,1.0,High Risk Potential Overload
23.0591834894246,79.92165122140561,0.22993908430002308,2.0,2.0,Normal
3.2244257450800884,80.01257016100219,0.09091893959657749,0.0,3.0,Normal
26.70063380859381,81.2190624416196,1.2064922806174083,1.0,4.0,Overload
22.679130529974323,82.2455779666083,1.026515524988694,2.0,5.0,Potential Overload
16.14880310328125,82.94910942169585,0.7035314550875557,0.0,6.0,Overheating (Loose Terminal)
2.201038490553535,82.94910942169585,0.0,0.0,0.0,Normal
16.36029531844986,83.62785477087469,0.6787453491788364,0.0,1.0,Overheating (Loose Terminal)
10.214946051551316,83.62785477087469,0.0,0.0,0.0,Normal
2.397307346673656,83.62785477087469,0.0,0.0,0.0,Normal
23.908826388186796,84.3420867120274,0.7142319411527059,1.0,1.0,High Risk Potential Overload
24.272666421413646,85.52750211581903,1.1854154037916431,2.0,2.0,High Risk Potential Overload
23.266040662428278,86.18805265483283,0.6605505390137993,3.0,3.0,High Risk Potential Overload
5.696809887549352,86.18805265483283,0.0,0.0,0.0,Normal
10.05358046457723,86.18805265483283,0.0,0.0,0.0,Normal
18.165317719333075,86.33588043146645,0.14782777663362617,0.0,1.0,Normal
9.78905520555126,86.81098364585462,0.4751032143881637,0.0,2.0,Normal
13.442710948117572,87.24473880858922,0.43375516273459613,0.0,3.0,Normal
14.564326972237192,87.34073828992034,0.0959994813311128,0.0,4.0,Normal
12.670594215217895,87.51004268475599,0.16930439483565318,0.0,5.0,Normal
16.70604991178476,87.66612524531696,0.1560825605609738,0.0,6.0,Normal
0.8155028310952783,87.66612524531696,0.0,0.0,0.0,Normal
0.33175657855712304,87.66612524531696,0.0,0.0,0.0,Normal
12.903455808188998,87.66612524531696,0.0,0.0,0.0,Normal
7.734706926010748,87.98959058035423,0.32346533503727193,0.0,1.0,Normal
6.82132702100517,87.98959058035423,0.0,0.0,0.0,Normal
28.896054180428827,88.69233491709083,0.702744336736597,1.0,1.0,Overload
16.344444004024318,89.06475792889151,0.3724230118006782,0.0,2.0,Normal
4.837045818009034,89.06475792889151,0.0,0.0,0.0,Normal
29.103762514469974,90.15304751188827,1.0882895829967667,1.0,1.0,Overload
6.984191492253218,90.22821276537117,0.07516525348290015,0.0,2.0,Normal
28.983777818386056,91.45727720214809,1.2290644367769268,1.0,3.0,Overload
1.6827992999009767,91.45727720214809,0.0,0.0,0.0,Normal
26.45786153693631,91.78936733061154,0.33209012846344516,1.0,1.0,Overload
13.270035382161115,91.78936733061154,0.0,0.0,0.0,Normal
10.974675787331723,92.02999631767082,0.24062898705927938,0.0,1.0,Normal
4.485386189211196,92.02999631767082,0.0,0.0,0.0,Normal
6.5079939631853545,92.10188742094812,0.07189110327729187,0.0,1.0,Normal
16.98446820988356,92.60872372374264,0.5068363027945213,0.0,2.0,Overheating (Loose Terminal)
1.8734953565618495,92.60872372374264,0.0,0.0,0.0,Normal
4.8797928675816715,92.82572392187417,0.21700019813152904,0.0,1.0,Normal
17.840931103542268,93.34890910304854,0.5231851811743763,0.0,2.0,Overheating (Loose Terminal)
25.52373383794673,94.20199967957224,0.8530905765236956,1.0,3.0,High Risk Potential Overload
3.90485975596089,94.20199967957224,0.0,0.0,0.0,Normal
0.4863193286290768,94.20199967957224,0.0,0.0,0.0,Normal
18.809171687058285,95.09638684092774,0.8943871613555017,0.0,1.0,Overheating (Loose Terminal)
24.331428302299,95.32841487257156,0.23202803164381738,1.0,2.0,Normal
24.85365733485583,96.53775255835802,1.209337685786461,2.0,3.0,High Risk Potential Overload
28.67708509920624,97.26605570538791,0.7283031470298977,3.0,4.0,Overload
17.022733430337137,97.43411438206105,0.1680586766731345,0.0,5.0,Normal
11.136025249167004,97.92707041868019,0.4929560366191311,0.0,6.0,Normal
11.401223401787298,97.92707041868019,0.0,0.0,0.0,Normal
19.801077002085265,98.05720828402097,0.13013786534078725,0.0,1.0,Normal
17.547461438559107,98.67534997370313,0.6181416896821598,0.0,2.0,Overheating (Loose Terminal)
14.049681679742186,98.73732520891,0.06197523520686443,0.0,3.0,Normal
16.187223109570272,99.35679975906768,0.6194745501576944,0.0,4.0,Overheating (Loose Terminal)
29.21916497300824,100.32910040657903,0.9723006475113498,1.0,5.0,Overload
15.965903579335503,100.77735951632357,0.4482591097445403,0.0,6.0,Normal
28.16213402492491,102.07547155938738,1.2981120430638118,1.0,7.0,Overload
7.51165905279888,102.07547155938738,0.0,0.0,0.0,Normal
0.7188454759348417,102.07547155938738,0.0,0.0,0.0,Normal
5.730825042565688,102.07547155938738,0.0,0.0,0.0,Normal
0.7469637749842883,102.07547155938738,0.0,0.0,0.0,Normal
2.5412102530376957,102.07547155938738,0.0,0.0,0.0,Normal
22.94238924747159,102.84548149757997,0.7700099381925797,1.0,1.0,Potential Overload
1.033634423372154,102.84548149757997,0.0,0.0,0.0,Normal
12.748598029964132,103.20900273280084,0.3635212352208681,0.0,1.0,Normal
25.64670313471076,103.81429436247763,0.6052916296767838,1.0,2.0,High Risk Potential Overload
23.43749026135867,104.4251402962512,0.6108459337735695,2.0,3.0,High Risk Potential Overload
0.5070148683091502,104.4251402962512,0.0,0.0,0.0,Normal
27.26376785484328,105.19728163340764,0.7721413371564338,1.0,1.0,Overload
3.128740853421721,105.19728163340764,0.0,0.0,0.0,Normal
14.291918454001246,105.57207493282543,0.37479329941779355,0.0,1.0,Normal
19.09730561326388,106.26483713018439,0.6927621973589626,0.0,2.0,Overheating (Loose Terminal)
12.234414924687044,106.29615793884653,0.0313208086621421,0.0,3.0,Normal
7.119453573025232,106.40997672796216,0.1138187891156307,0.0,4.0,Normal
2.3214528101383247,106.40997672796216,0.0,0.0,0.0,Normal
17.109211680220145,106.96909517135319,0.5591184433910309,0.0,1.0,Overheating (Loose Terminal)
1.9566832130200296,106.96909517135319,0.0,0.0,0.0,Normal
3.4640373982003037,106.96909517135319,0.0,0.0,0.0,Normal
12.31700196104433,107.22003892027305,0.25094374891986027,0.0,1.0,Normal
7.492252292529424,107.22051145061376,0.0004725303407075998,0.0,2.0,Normal
17.129796823766444,107.73569492342102,0.5151834728072672,0.0,3.0,Overheating (Loose Terminal)
1.4113749480085969,107.73569492342102,0.0,0.0,0.0,Normal
11.715511625469265,108.26170074611944,0.5260058226984208,0.0,1.0,Overheating (Loose Terminal)
7.763398524130438,108.29315889076832,0.031458144648874975,0.0,2.0,Normal
10.9123357863187,108.78024048886078,0.4870815980924601,0.0,3.0,Normal
19.223811276478283,109.64678169464077,0.866541205779978,0.0,4.0,Overheating (Loose Terminal)
1.387226017503309,109.64678169464077,0.0,0.0,0.0,Normal
1.888859215118568,109.64678169464077,0.0,0.0,0.0,Normal
6.379512605875226,109.81063263590399,0.16385094126321575,0.0,1.0,Normal
16.289369651778717,109.90695589326631,0.09632325736233577,0.0,2.0,Normal
13.934743307283012,110.23263590541035,0.3256800121440346,0.0,3.0,Normal
27.61563939423497,111.41689880550695,1.1842629000965972,1.0,4.0,Overload
3.5487908755944564,111.41689880550695,0.0,0.0,0.0,Normal
29.91454627800606,112.32524379631867,0.9083449908117296,1.0,1.0,Overload
15.528259214839936,112.44246029731369,0.11721650099501466,0.0,2.0,Normal
28.725714766587107,113.30774006301806,0.8652797657043737,1.0,3.0,Overload
27.790885866762142,113.8004082251921,0.49266816217403975,2.0,4.0,Overload
25.547271352030712,114.90422925890138,1.1038210337092773,3.0,5.0,High Risk Potential Overload
17.91046456992401,115.18895416613175,0.2847249072303636,0.0,6.0,Normal
18.107639528385274,115.18895416613175,0.0,0.0,0.0,Normal
19.0012393410161,116.08962328012011,0.900669113988361,0.0,1.0,Overheating (Loose Terminal)
12.636744243395984,116.16990601426822,0.08028273414811898,0.0,2.0,Normal
6.573290907398319,116.17108901571518,0.0011830014469543793,0.0,3.0,Normal
28.124211393532637,117.36691772818637,1.1958287124711857,1.0,4.0,Overload
9.888406094051629,117.36691772818637,0.0,0.0,0.0,Normal
8.83061002746754,117.69615241231804,0.32923468413167667,0.0,1.0,Normal
2.3413403285521173,117.69615241231804,0.0,0.0,0.0,Normal
26.56396256984635,118.12547321693314,0.42932080461510774,1.0,1.0,Overload
14.019382629182399,118.12547321693314,0.0,0.0,0.0,Normal
27.356180044408465,118.57463099979547,0.449157782862323,1.0,1.0,Overload
19.732791570023508,118.93554137405278,0.3609103742572957,0.0,2.0,Normal
16.25599134515005,119.69558951869413,0.7600481446413612,0.0,3.0,Overheating (Loose Terminal)
27.780403667330475,120.46086928759158,0.7652797688974395,1.0,4.0,Overload
15.542938318548735,120.79642045325483,0.33555116566324183,0.0,5.0,Normal
18.12708770189472,120.81397232065571,0.017551867400887322,0.0,6.0,Normal
0.22707289534838138,120.81397232065571,0.0,0.0,0.0,Normal
2.3763583253614384,120.81397232065571,0.0,0.0,0.0,Normal
14.920897585308467,121.1433859650183,0.32941364436258297,0.0,1.0,Normal
24.373835215713335,121.64778981208582,0.5044038470675275,1.0,2.0,High Risk Potential Overload
23.012362546675075,122.76163047886018,1.113840666774365,2.0,3.0,High Risk Potential Overload
19.39757653415278,122.7746692175184,0.013038738658215098,0.0,4.0,Normal
25.749309981776697,124.05509951272653,1.2804302952081352,1.0,5.0,High Risk Potential Overload
11.077085688026415,124.57825633274695,0.5231568200204197,0.0,6.0,Overheating (Loose Terminal)
12.58797276270525,124.90340365986683,0.3251473271198797,0.0,7.0,Normal
12.551161601681269,125.11527605187399,0.21187239200716368,0.0,8.0,Normal
21.40901742307312,125.46669011261987,0.3514140607458863,1.0,9.0,Normal
29.01237405501825,126.3729655681565,0.9062754555366255,2.0,10.0,Overload
5.547623659622653,126.3729655681565,0.0,0.0,0.0,Normal
7.067044560521056,126.3729655681565,0.0,0.0,0.0,Normal
19.48789615332333,127.33357112030227,0.9606055521457694,0.0,1.0,Overheating (Loose Terminal)
10.721927326882408,127.33357112030227,0.0,0.0,0.0,Normal
27.162580552984913,127.85431708729641,0.520745966994137,1.0,1.0,Overload
28.402835186308522,129.22425875990376,1.3699416726073501,2.0,2.0,Overload
26.520736763422107,129.96853863436547,0.7442798744617243,3.0,3.0,Overload
28.794575005503674,130.45348605474683,0.4849474203813731,4.0,4.0,Overload
7.5292673375609915,130.64050275240672,0.18701669765988238,0.0,5.0,Normal
22.353752019931754,131.35232106875543,0.7118183163487228,1.0,6.0,Potential Overload
19.398287956292066,132.16435438970575,0.812033320950312,0.0,7.0,Overheating (Loose Terminal)
25.21823843815473,132.84008581395116,0.6757314242454018,1.0,8.0,High Risk Potential Overload
1.1275099330185423,132.84008581395116,0.0,0.0,0.0,Normal
29.997459059575178,134.33659560400383,1.4965097900526643,1.0,1.0,Overload
15.37974830361021,135.05034874906679,0.7137531450629385,0.0,2.0,Overheating (Loose Terminal)
23.22613291568878,135.66219953016133,0.6118507810945325,1.0,3.0,High Risk Potential Overload
19.081020545174447,136.22242519187094,0.5602256617096024,0.0,4.0,Overheating (Loose Terminal)
13.434013688117135,136.51225411673468,0.28982892486375256,0.0,5.0,Normal
2.2711518439925804,136.51225411673468,0.0,0.0,0.0,Normal
15.446367834712786,136.8047360095823,0.2924818928476327,0.0,1.0,Normal
25.96716154897037,137.66403205856622,0.8592960489839048,1.0,2.0,High Risk Potential Overload
24.631345795911574,138.02961457681243,0.36558251824621946,2.0,3.0,Normal
15.10274511347238,138.40506138383952,0.37544680702708366,0.0,4.0,Normal
22.916677453580196,138.68726673210531,0.2822053482657796,1.0,5.0,Normal
7.0117511761319395,138.68726673210531,0.0,0.0,0.0,Normal
8.749498440474582,139.02890034862278,0.3416336165174775,0.0,1.0,Normal
10.279789783196216,139.32654285052374,0.29764250190095387,0.0,2.0,Normal
12.44173400455747,139.81099325949836,0.4844504089746186,0.0,3.0,Normal
22.323661328361343,140.85376395107792,1.0427706915795616,1.0,4.0,Potential Overload
5.1648877659791665,140.85376395107792,0.0,0.0,0.0,Normal
25.433562845935825,141.4541937036622,0.6004297525842994,1.0,1.0,High Risk Potential Overload
4.802912375563862,141.4541937036622,0.0,0.0,0.0,Normal
2.560916779155449,141.4541937036622,0.0,0.0,0.0,Normal
12.817494896064293,141.4541937036622,0.0,0.0,0.0,Normal
17.935768198120236,141.8249437538311,0.3707500501688842,0.0,1.0,Normal
3.4463974240325967,141.8249437538311,0.0,0.0,0.0,Normal
3.378701261443291,141.8249437538311,0.0,0.0,0.0,Normal
1.7740506751411123,141.8249437538311,0.0,0.0,0.0,Normal
4.12667436811585,141.8249437538311,0.0,0.0,0.0,Normal
13.807896572587307,141.8249437538311,0.0,0.0,0.0,Normal
26.65110350541817,142.23925796105087,0.41431420721978046,1.0,1.0,Overload
29.28785160478632,142.76472850114504,0.5254705400941797,2.0,2.0,Overload
16.124025595861227,143.31918947132175,0.5544609701767197,0.0,3.0,Overheating (Loose Terminal)
4.186986466734206,143.31918947132175,0.0,0.0,0.0,Normal
12.365095430605919,143.31918947132175,0.0,0.0,0.0,Normal
14.94941876267513,143.31918947132175,0.0,0.0,0.0,Normal
14.266991717691049,143.9277458948935,0.6085564235717518,0.0,1.0,Overheating (Loose Terminal)
10.642269705306314,143.9277458948935,0.0,0.0,0.0,Normal
10.652345329100463,143.9277458948935,0.0,0.0,0.0,Normal
7.545683262092453,143.9277458948935,0.0,0.0,0.0,Normal
4.2289601399308925,143.9277458948935,0.0,0.0,0.0,Normal
17.8105456147979,144.41186562918745,0.4841197342939436,0.0,1.0,Normal
15.783424772146766,144.69947906672385,0.28761343753639557,0.0,2.0,Normal
10.742130836370956,144.82342672656327,0.1239476598394269,0.0,3.0,Normal
24.884935916067114,145.19525382516218,0.3718270985989195,1.0,4.0,Normal
7.261645927972702,145.20425336289242,0.008999537730236207,0.0,5.0,Normal
7.121934517956925,145.54686533758326,0.34261197469082594,0.0,6.0,Normal
4.74453583471989,145.54686533758326,0.0,0.0,0.0,Normal
4.919154567690162,145.54686533758326,0.0,0.0,0.0,Normal
5.701903373876942,145.54686533758326,0.0,0.0,0.0,Normal
21.72210371095478,146.15748191270126,0.6106165751179937,1.0,1.0,Potential Overload
19.64757233817213,146.25189943177793,0.09441751907665878,0.0,2.0,Normal
19.38940866550738,147.08687699094727,0.8349775591693492,0.0,3.0,Overheating (Loose Terminal)
23.32112544340446,147.42382085050755,0.3369438595602887,1.0,4.0,Normal
18.587519782551716,147.90995973264907,0.48613888214151557,0.0,5.0,Normal
5.5995818732056835,147.95943175950129,0.04947202685222096,0.0,6.0,Normal
6.473584728084873,147.95943175950129,0.0,0.0,0.0,Normal
4.848194648301605,147.95943175950129,0.0,0.0,0.0,Normal
5.772611064805115,147.95943175950129,0.0,0.0,0.0,Normal
9.62280203709635,147.97316129390768,0.013729534406403343,0.0,1.0,Normal
6.732085563878412,147.97316129390768,0.0,0.0,0.0,Normal
19.799204647798906,148.28547537127236,0.31231407736466826,0.0,1.0,Normal
23.291765892873876,149.13156638814,0.8460910168676231,1.0,2.0,High Risk Potential Overload
26.3607486654706,149.92118000996368,0.7896136218236883,2.0,3.0,Overload
6.9773653308599055,150.1995774207545,0.27839741079082103,0.0,4.0,Normal
29.68524219599861,150.80813675404,0.6085593332854753,1.0,5.0,Overload
29.445064111389343,151.4616230257751,0.6534862717351273,2.0,6.0,Overload
14.822412985801181,151.77721678824508,0.31559376246997095,0.0,7.0,Normal
22.257951389636606,152.6853816695868,0.9081648813417205,1.0,8.0,Potential Overload
3.27311885731409,152.6853816695868,0.0,0.0,0.0,Normal
26.9867749862658,153.55778584366922,0.8724041740824093,1.0,1.0,Overload
17.544010816262166,153.82743149190497,0.26964564823574366,0.0,2.0,Normal
24.952214177131964,154.45198663018647,0.6245551382815058,1.0,3.0,High Risk Potential Overload
6.027557483282841,154.50097388452687,0.04898725434039308,0.0,4.0,Normal
4.644253902936346,154.63276115294826,0.13178726842138566,0.0,5.0,Normal
10.871057222279772,155.0827861250268,0.45002497207853553,0.0,6.0,Normal
2.3379608141672814,155.13951628934862,0.056730164321839194,0.0,7.0,Normal
6.6981122931417225,155.13951628934862,0.0,0.0,0.0,Normal
26.580654803356623,156.00201012149276,0.8624938321441527,1.0,1.0,Overload
28.09737490102078,156.55855374627654,0.55654362478379,2.0,2.0,Overload
4.969782796289315,156.55855374627654,0.0,0.0,0.0,Normal
11.39779369742633,156.89090211688855,0.332348370612007,0.0,1.0,Normal
24.078735738443168,157.9160962084827,1.0251940915941713,1.0,2.0,High Risk Potential Overload
16.929045834690363,157.9160962084827,0.0,0.0,0.0,Normal
15.945907315591072,157.9160962084827,0.0,0.0,0.0,Normal
14.445051367861325,158.35838531342185,0.4422891049391406,0.0,1.0,Normal
13.878968889342001,158.59505820123655,0.2366728878146962,0.0,2.0,Normal
6.913919870078389,158.59505820123655,0.0,0.0,0.0,Normal
26.250526152895084,159.30843592564494,0.7133777244083941,1.0,1.0,Overload
18.945666792236306,159.40907066837283,0.1006347427278955,0.0,2.0,Normal
10.11777357768932,159.52641358269196,0.11734291431911381,0.0,3.0,Normal
17.44247817888303,160.33065577411972,0.8042421914277638,0.0,4.0,Overheating (Loose Terminal)
13.933016477537844,160.9498059791739,0.6191502050541879,0.0,5.0,Overheating (Loose Terminal)
22.37285138622835,161.64473690865213,0.6949309294782308,1.0,6.0,Potential Overload
8.48261342604772,161.80531181557924,0.16057490692710885,0.0,7.0,Normal
29.330116616160986,162.72265701779142,0.9173452022121814,1.0,8.0,Overload
19.69682397924669,163.54639630319969,0.8237392854082687,0.0,9.0,Overheating (Loose Terminal)
18.416837652347446,164.33713454787917,0.7907382446795006,0.0,10.0,Overheating (Loose Terminal)
11.825508714898586,164.33713454787917,0.0,0.0,0.0,Normal
6.703944832918019,164.4751852381231,0.13805069024391237,0.0,1.0,Normal
6.669983433822884,164.4751852381231,0.0,0.0,0.0,Normal
18.39711232825521,164.7413868489018,0.26620161077872184,0.0,1.0,Normal
14.750024962194967,164.93110603790137,0.18971918899955548,0.0,2.0,Normal
9.048790322653868,164.93110603790137,0.0,0.0,0.0,Normal
9.967355454789594,164.93110603790137,0.0,0.0,0.0,Normal
24.261545092049698,165.7247716427819,0.7936656048805284,1.0,1.0,High Risk Potential Overload
0.2618891317666727,165.7247716427819,0.0,0.0,0.0,Normal
19.221406349389103,165.83450468800444,0.10973304522256808,0.0,1.0,Normal
1.7069933615728772,165.91672860792903,0.08222391992459122,0.0,2.0,Normal
11.907700346400876,165.91672860792903,0.0,0.0,0.0,Normal
22.889150337860272,166.95924041426275,1.0425118063337273,1.0,1.0,Potential Overload
3.8137544132733314,166.95924041426275,0.0,0.0,0.0,Normal
11.296822665252328,166.95924041426275,0.0,0.0,0.0,Normal
25.079599512732248,167.73761065922693,0.7783702449641925,1.0,1.0,High Risk Potential Overload
8.01526121750652,167.73761065922693,0.0,0.0,0.0,Normal
3.6385626099054225,167.78132441073572,0.04371375150878831,0.0,1.0,Normal
24.359783846517775,168.27005827620516,0.48873386546944253,1.0,2.0,Normal
8.174683421961928,168.27005827620516,0.0,0.0,0.0,Normal
14.319444576947951,168.6449544469627,0.37489617075754894,0.0,1.0,Normal
4.439443238658988,168.6449544469627,0.0,0.0,0.0,Normal
0.3942107550872831,168.6449544469627,0.0,0.0,0.0,Normal
22.606901958489004,169.42804565273903,0.783091205776325,1.0,1.0,Potential Overload
1.9888278551869032,169.42804565273903,0.0,0.0,0.0,Normal
28.70126821295657,170.69332892795384,1.2652832752148202,1.0,1.0,Overload
13.361702731412922,170.69332892795384,0.0,0.0,0.0,Normal
17.926716370422394,170.69332892795384,0.0,0.0,0.0,Normal
4.157725102920546,170.69332892795384,0.0,0.0,0.0,Normal
11.660831219393843,170.69779503951602,0.004466111562190123,0.0,1.0,Normal
28.356992055645968,171.4574619939962,0.7596669544801744,1.0,2.0,Overload
7.5938481633453385,171.4574619939962,0.0,0.0,0.0,Normal
12.48297815698268,171.49102255403656,0.03356056004037444,0.0,1.0,Normal
8.722530582706334,171.49102255403656,0.0,0.0,0.0,Normal
27.872452147437848,172.02475833717492,0.5337357831383449,1.0,1.0,Overload
25.386880784245623,173.1886546032813,1.1638962661063725,2.0,2.0,High Risk Potential Overload
24.8269215402231,173.45246998861256,0.26381538533127247,3.0,3.0,Normal
10.832684293217339,173.62758242309957,0.1751124344870142,0.0,4.0,Normal
2.7871214814564826,173.62758242309957,0.0,0.0,0.0,Normal
25.731211640724172,174.08582229098408,0.45823986788451215,1.0,1.0,Normal
0.36781353094933467,174.08582229098408,0.0,0.0,0.0,Normal
11.530329510285071,174.08582229098408,0.0,0.0,0.0,Normal
13.028407767037285,174.56698448304314,0.48116219205906585,0.0,1.0,Normal
0.21991657316960955,174.56698448304314,0.0,0.0,0.0,Normal
28.865010698062637,175.60764812011658,1.0406636370734401,1.0,1.0,Overload
13.30073349092511,175.60764812011658,0.0,0.0,0.0,Normal
24.768934724028657,176.22923338456752,0.6215852644509303,1.0,1.0,High Risk Potential Overload
0.9393193355011009,176.22923338456752,0.0,0.0,0.0,Normal
21.74518801132614,176.91964489460022,0.6904115100326952,1.0,1.0,Potential Overload
7.785912280839531,176.91964489460022,0.0,0.0,0.0,Normal
14.380918103684909,176.93581251540763,0.016167620807420457,0.0,1.0,Normal
9.521008043981993,177.07553408296937,0.1397215675617478,0.0,2.0,Normal
27.59314887489225,177.67013190530474,0.5945978223353693,1.0,3.0,Overload
5.245280885996502,177.67013190530474,0.0,0.0,0.0,Normal
9.927324944024727,177.76334100142287,0.09320909611812556,0.0,1.0,Normal
15.418244074916439,177.76334100142287,0.0,0.0,0.0,Normal
14.563775124072066,177.98702107383266,0.22368007240980176,0.0,1.0,Normal
8.696546772074925,177.98702107383266,0.0,0.0,0.0,Normal
28.194742910720812,179.09145469022315,1.1044336163904673,1.0,1.0,Overload
11.804613337381742,179.09145469022315,0.0,0.0,0.0,Normal
18.346271509244858,179.14558689660436,0.05413220638120428,0.0,1.0,Normal
25.0140519566216,179.58142242327406,0.43583552666969966,1.0,2.0,Normal
17.458916717528165,180.18659314556004,0.6051707222859695,0.0,3.0,Overheating (Loose Terminal)
26.929050300396455,181.22532222509773,1.0387290795376751,1.0,4.0,Overload
23.247012079732674,181.8770977927275,0.6517755676297742,2.0,5.0,High Risk Potential Overload
19.75336015993294,182.80882514041076,0.9317273476832602,0.0,6.0,Overheating (Loose Terminal)
14.11150345031377,183.4396486303421,0.6308234899313543,0.0,7.0,Overheating (Loose Terminal)
11.358904611052589,183.92308215848277,0.48343352814067125,0.0,8.0,Normal
13.948405344936798,183.92308215848277,0.0,0.0,0.0,Normal
29.739524206488312,185.35432485792063,1.4312426994378495,1.0,1.0,Overload
17.240853019786268,186.060916907445,0.7065920495243838,0.0,2.0,Overheating (Loose Terminal)
16.57830948301355,186.060916907445,0.0,0.0,0.0,Normal
4.6001767457540605,186.060916907445,0.0,0.0,0.0,Normal
13.925775517562794,186.09708064709122,0.03616373964620584,0.0,1.0,Normal
21.58820706719048,186.49178133828136,0.3947006911901344,1.0,2.0,Normal
15.814463296779271,186.60125700605238,0.10947566777103346,0.0,3.0,Normal
17.71955496472374,187.10309794247087,0.5018409364184916,0.0,4.0,Overheating (Loose Terminal)
0.4880156311307604,187.10309794247087,0.0,0.0,0.0,Normal
17.49403345368399,187.50673674918227,0.4036388067114115,0.0,1.0,Normal
28.189049121962988,188.91412331581375,1.4073865666314869,1.0,2.0,Overload
15.343765778622538,189.08324251835413,0.16911920254036905,0.0,3.0,Normal
12.550109264367402,189.58442509575883,0.5011825774047088,0.0,4.0,Overheating (Loose Terminal)
27.914460724780664,190.3979149141652,0.813489818406367,1.0,5.0,Overload
14.75164603177783,190.3979149141652,0.0,0.0,0.0,Normal
7.09244315281553,190.3979149141652,0.0,0.0,0.0,Normal
4.672155020998199,190.3979149141652,0.0,0.0,0.0,Normal
19.75444779472063,190.8134104376371,0.41549552347189384,0.0,1.0,Normal
13.592945653861397,190.8134104376371,0.0,0.0,0.0,Normal
28.07710512973997,191.30667669643634,0.493266258799258,1.0,1.0,Overload
17.582366151243292,192.1305270262899,0.8238503298535749,0.0,2.0,Overheating (Loose Terminal)
12.268227784214154,192.1305270262899,0.0,0.0,0.0,Normal
23.08504531245099,193.22751106604758,1.0969840397576751,1.0,1.0,High Risk Potential Overload
12.154735897577183,193.34793637194295,0.1204253058953677,0.0,2.0,Normal
3.5305606401101652,193.34793637194295,0.0,0.0,0.0,Normal
15.591689471335066,193.47764610467644,0.12970973273348338,0.0,1.0,Normal
19.382052602816227,194.33053461978068,0.852888515104237,0.0,2.0,Overheating (Loose Terminal)
29.95417040381792,195.00213838919106,0.6716037694103832,1.0,3.0,Overload
15.164769514081826,195.45639748294894,0.45425909375788354,0.0,4.0,Normal
16.316662499812356,195.49667117977623,0.04027369682727844,0.0,5.0,Normal
10.739488457868271,195.62658553751135,0.12991435773511667,0.0,6.0,Normal
1.8297367479550974,195.62658553751135,0.0,0.0,0.0,Normal
2.5902984256560835,195.64484853866313,0.018263001151781366,0.0,1.0,Normal
28.759148555389054,196.89232204115746,1.2474735024943309,1.0,2.0,Overload
11.017147412182787,196.89232204115746,0.0,0.0,0.0,Normal
7.45377034024628,196.89232204115746,0.0,0.0,0.0,Normal
25.462881615708937,197.24651233785056,0.3541902966930948,1.0,1.0,Normal
13.665175273191918,197.24651233785056,0.0,0.0,0.0,Normal
25.45631874312577,197.9999148523335,0.7534025144829366,1.0,1.0,High Risk Potential Overload
16.493619318502983,198.17240502616085,0.1724901738273422,0.0,2.0,Normal
11.314639279915822,198.17240502616085,0.0,0.0,0.0,Normal
28.17683419446235,199.2396985705424,1.0672935443815432,1.0,1.0,Overload
28.80564780863822,200.38834393768934,1.1486453671469459,2.0,2.0,Overload
27.27724315502355,201.4323468672008,1.0440029295114779,3.0,3.0,Overload
15.054332791152824,201.4323468672008,0.0,0.0,0.0,Normal
28.846591749707088,201.90392373772073,0.47157687051991354,1.0,1.0,Overload
22.159828807261007,202.34703403234292,0.44311029462219226,2.0,2.0,Normal
22.446839064434773,203.28734300968372,0.9403089773408009,3.0,3.0,Potential Overload
25.567209603847527,203.57208936159293,0.28474635190920994,4.0,4.0,Normal
12.338538367514843,204.17020245799608,0.5981130964031656,0.0,5.0,Overheating (Loose Terminal)
5.196071621283195,204.17020245799608,0.0,0.0,0.0,Normal
15.596907903022872,204.17020245799608,0.0,0.0,0.0,Normal
25.87139920808499,205.42676442225934,1.2565619642632442,1.0,1.0,High Risk Potential Overload
12.652437862678962,205.9914144209033,0.5646499986439655,0.0,2.0,Overheating (Loose Terminal)
18.744569744729024,206.61652863044057,0.6251142095372645,0.0,3.0,Overheating (Loose Terminal)
6.019271338936325,206.62566428603267,0.009135655592097724,0.0,4.0,Normal
11.643409203525465,206.62566428603267,0.0,0.0,0.0,Normal
0.914840676250257,206.62566428603267,0.0,0.0,0.0,Normal
29.719900697571223,207.86131115265417,1.235646866621486,1.0,1.0,Overload
15.165263918580452,207.86131115265417,0.0,0.0,0.0,Normal
6.4722043829908245,207.86131115265417,0.0,0.0,0.0,Normal
27.149658389458548,208.66469677850384,0.8033856258496758,1.0,1.0,Overload
19.942490003154223,209.08800258089752,0.4233058023936841,0.0,2.0,Normal
3.2724764238333837,209.08800258089752,0.0,0.0,0.0,Normal
4.415392255775208,209.08800258089752,0.0,0.0,0.0,Normal
13.090224285622705,209.08800258089752,0.0,0.0,0.0,Normal
22.3595210260281,209.63831343324154,0.550310852344007,1.0,1.0,Potential Overload
24.777545852335102,210.51571667352238,0.8774032402808407,2.0,2.0,High Risk Potential Overload
5.484304046973401,210.77390952383087,0.25819285030849826,0.0,3.0,Normal
17.88198407358269,210.8979633334011,0.12405380957022065,0.0,4.0,Normal
0.6226816576902272,210.8979633334011,0.0,0.0,0.0,Normal
17.28716499679274,211.2355314899323,0.3375681565311941,0.0,1.0,Normal
22.66972964132809,212.23764113995432,1.0021096500220152,1.0,2.0,Potential Overload
27.938296601796466,213.47933919816103,1.241698058206711,2.0,3.0,Overload
26.63598289468274,213.94238322057754,0.46304402241652465,3.0,4.0,Overload
18.416956956313737,214.47988138291396,0.5374981623364249,0.0,5.0,Overheating (Loose Terminal)
25.33370116361295,214.863874630057,0.383993247143042,1.0,6.0,Normal
13.711305744579427,214.97974581218546,0.115871182128434,0.0,7.0,Normal
9.831890934828738,214.97974581218546,0.0,0.0,0.0,Normal
5.379868088701953,215.04629831725774,0.06655250507228583,0.0,1.0,Normal
9.104402981636024,215.04629831725774,0.0,0.0,0.0,Normal
7.849871128133696,215.04629831725774,0.0,0.0,0.0,Normal
5.833251574186065,215.04629831725774,0.0,0.0,0.0,Normal
28.018658900040148,215.4868500876081,0.4405517703503645,1.0,1.0,Overload
2.0986035683634974,215.4868500876081,0.0,0.0,0.0,Normal
22.28245988611362,216.09986123536515,0.6130111477570371,1.0,1.0,Potential Overload
14.049299410882078,216.36197488939618,0.262113654031018,0.0,2.0,Normal
6.529226164879837,216.36197488939618,0.0,0.0,0.0,Normal
7.012538624183615,216.36197488939618,0.0,0.0,0.0,Normal
7.938465524031921,216.36197488939618,0.0,0.0,0.0,Normal
13.789299382745314,216.85202655764252,0.49005166824634855,0.0,1.0,Normal
3.349651645181395,216.85202655764252,0.0,0.0,0.0,Normal
14.129514529738023,216.85202655764252,0.0,0.0,0.0,Normal
21.467741552863252,217.46670997058675,0.6146834129442331,1.0,1.0,Potential Overload
28.83872211371477,218.6227330084049,1.1560230378181662,2.0,2.0,Overload
24.055051732885254,219.64031070879568,1.0175777003907749,3.0,3.0,High Risk Potential Overload
17.896333121210553,220.08271974100995,0.44240903221426386,0.0,4.0,Normal
25.070864560664702,220.9798406642397,0.8971209232297601,1.0,5.0,High Risk Potential Overload
14.631790435106637,220.9798406642397,0.0,0.0,0.0,Normal
4.942064680202929,220.9798406642397,0.0,0.0,0.0,Normal
22.9729258862224,222.10435221436995,1.1245115501302512,1.0,1.0,Potential Overload
3.6423583137739857,222.10435221436995,0.0,0.0,0.0,Normal
9.96391432906278,222.15791148176072,0.053559267390770215,0.0,1.0,Normal
23.056092671981688,223.30705003141654,1.1491385496558264,1.0,2.0,High Risk Potential Overload
26.852931177122432,223.8492390412018,0.5421890097852667,2.0,3.0,Overload
1.4439681795835169,223.8492390412018,0.0,0.0,0.0,Normal
9.252459134786326,224.1801345033495,0.33089546214769683,0.0,1.0,Normal
27.68435869079983,224.98984577233756,0.8097112689880668,1.0,2.0,Overload
7.4207752596920535,225.3485340990582,0.3586883267206604,0.0,3.0,Normal
17.340629922448972,225.79424100375306,0.445706904694842,0.0,4.0,Normal
14.50515320830273,226.0061676055929,0.2119266018398393,0.0,5.0,Normal
29.106316776101327,226.88320437127143,0.8770367656785218,1.0,6.0,Overload
11.847006571867244,227.38791804548148,0.5047136742100531,0.0,7.0,Overheating (Loose Terminal)
12.459331671269656,227.6424448491375,0.25452680365600333,0.0,8.0,Normal
22.184109166145337,228.46747527212685,0.8250304229893555,1.0,9.0,Potential Overload
22.61714797983218,228.83587599604235,0.3684007239154866,2.0,10.0,Normal
22.628792574385407,229.82170071813118,0.9858247220888495,3.0,11.0,Potential Overload
4.944621488063541,229.93968169380688,0.11798097567568844,0.0,12.0,Normal
10.296347078593804,229.93968169380688,0.0,0.0,0.0,Normal
3.2704774517004553,229.93968169380688,0.0,0.0,0.0,Normal
23.323200894310148,230.76257840306369,0.8228967092567996,1.0,1.0,High Risk Potential Overload
15.469462513732013,230.76257840306369,0.0,0.0,0.0,Normal
25.084105872452753,231.2528341600328,0.4902557569691016,1.0,1.0,Normal
3.395158101750815,231.2528341600328,0.0,0.0,0.0,Normal
16.57766731765219,231.51260504957722,0.2597708895444154,0.0,1.0,Normal
12.342899732080602,231.8365272530667,0.32392220348947587,0.0,2.0,Normal
3.3523843257663533,231.8365272530667,0.0,0.0,0.0,Normal
26.974240748596245,232.65987016624632,0.8233429131796262,1.0,1.0,Overload
28.25103137655048,233.6577760994706,0.9979059332242761,2.0,2.0,Overload
22.852570890330913,233.91232426338487,0.25454816391427354,3.0,3.0,Normal
1.141737121786297,233.91232426338487,0.0,0.0,0.0,Normal
21.35409186601659,234.10213877069572,0.18981450731085625,1.0,1.0,Normal
18.6775003505581,234.35216989320037,0.2500311225046554,0.0,2.0,Normal
0.8314571810078419,234.35216989320037,0.0,0.0,0.0,Normal
29.686068267924412,234.841413287531,0.48924339433063024,1.0,1.0,Overload
26.752079440339504,236.046935554068,1.2055222665369973,2.0,2.0,Overload
10.311920571585006,236.05137816290417,0.004442608836170425,0.0,3.0,Normal
2.793025095126258,236.05137816290417,0.0,0.0,0.0,Normal
14.093615254732935,236.05137816290417,0.0,0.0,0.0,Normal
19.39824092214541,236.11519092480086,0.0638127618966888,0.0,1.0,Normal
8.875004386091423,236.42708339848292,0.3118924736820765,0.0,2.0,Normal
13.85251904452329,236.9578246403572,0.5307412418742747,0.0,3.0,Overheating (Loose Terminal)
27.14923225460681,237.81246101709596,0.8546363767387679,1.0,4.0,Overload
17.378099689574363,238.2519757482135,0.4395147311175478,0.0,5.0,Normal
18.618973910139555,238.87245119475205,0.6204754465385389,0.0,6.0,Overheating (Loose Terminal)
4.3135030479543435,238.87245119475205,0.0,0.0,0.0,Normal
13.024659540829841,238.87245119475205,0.0,0.0,0.0,Normal
19.98827451541333,238.92007695938327,0.04762576463122255,0.0,1.0,Normal
24.662171646505836,240.02393899204583,1.103862032662551,1.0,2.0,High Risk Potential Overload
26.10314634888001,241.06754551874116,1.043606526695327,2.0,3.0,Overload
24.637262894859298,241.62644182504735,0.5588963063062036,3.0,4.0,High Risk Potential Overload
16.15691883882517,242.19657290176522,0.5701310767178742,0.0,5.0,Overheating (Loose Terminal)
24.920249833316397,243.26041960960606,1.0638467078408416,1.0,6.0,High Risk Potential Overload
10.889781959216991,243.26041960960606,0.0,0.0,0.0,Normal
7.329230697427958,243.26041960960606,0.0,0.0,0.0,Normal
7.771162025406914,243.26041960960606,0.0,0.0,0.0,Normal
7.465035832586802,243.26041960960606,0.0,0.0,0.0,Normal
12.068971867627559,243.53208100154245,0.27166139193639416,0.0,1.0,Normal
9.269880876011447,243.53208100154245,0.0,0.0,0.0,Normal
25.67173606622596,244.2948496824835,0.762768680941029,1.0,1.0,High Risk Potential Overload
6.824956552523127,244.2948496824835,0.0,0.0,0.0,Normal
11.603447384546646,244.4086245984377,0.11377491595421074,0.0,1.0,Normal
15.297665230842565,244.98649359869594,0.5778690002582217,0.0,2.0,Overheating (Loose Terminal)
29.59971326359441,245.48471184455204,0.49821824585608215,1.0,3.0,Overload
0.1512574995628424,245.48471184455204,0.0,0.0,0.0,Normal
23.191340669186694,246.5713134228077,1.0866015782556413,1.0,1.0,High Risk Potential Overload
18.688720536110285,246.85737213685283,0.28605871404514865,0.0,2.0,Normal
9.717435183726513,246.85737213685283,0.0,0.0,0.0,Normal
6.1457992985257315,246.96768799961177,0.11031586275894989,0.0,1.0,Normal
6.2261539831200725,246.96768799961177,0.0,0.0,0.0,Normal
23.453616006601806,247.5539179014672,0.5862299018554418,1.0,1.0,High Risk Potential Overload
3.6229869906936063,247.5539179014672,0.0,0.0,0.0,Normal
10.503267673341202,247.78812754685669,0.2342096453894928,0.0,1.0,Normal
11.346244392578072,247.78812754685669,0.0,0.0,0.0,Normal
25.351910820479322,248.8617156376558,1.0735880907991242,1.0,1.0,High Risk Potential Overload
0.8682506570963833,248.8617156376558,0.0,0.0,0.0,Normal
26.414506381316983,250.00162981614844,1.1399141784926394,1.0,1.0,Overload
23.052717947540394,250.3663105534337,0.36468073728524636,2.0,2.0,Normal
8.220569396134094,250.6172003261071,0.25088977267342505,0.0,3.0,Normal
24.18079241372446,251.0631105057678,0.4459101796607051,1.0,4.0,Normal
23.473254319933226,252.05938754027815,0.9962770345103397,2.0,5.0,High Risk Potential Overload
13.350997985829409,252.05938754027815,0.0,0.0,0.0,Normal
9.035353574744583,252.09776368219084,0.03837614191270322,0.0,1.0,Normal
14.737474898883642,252.69743450467826,0.5996708224874105,0.0,2.0,Overheating (Loose Terminal)
1.9142911104032345,252.69743450467826,0.0,0.0,0.0,Normal
12.141880721775616,252.8512259534811,0.15379144880285078,0.0,1.0,Normal
7.818119918110293,252.8512259534811,0.0,0.0,0.0,Normal
19.755710404297744,252.97545122625272,0.12422527277162035,0.0,1.0,Normal
8.086375362085843,252.97545122625272,0.0,0.0,0.0,Normal
27.231925361919327,254.32830348805086,1.3528522617981547,1.0,1.0,Overload
2.0821929876833267,254.32830348805086,0.0,0.0,0.0,Normal
5.483213331196117,254.32830348805086,0.0,0.0,0.0,Normal
17.883817493282365,254.4143616874337,0.08605819938286113,0.0,1.0,Normal
4.53312804453976,254.4143616874337,0.0,0.0,0.0,Normal
10.381195818165407,254.4143616874337,0.0,0.0,0.0,Normal
23.103408737193895,255.10954403889792,0.6951823514642054,1.0,1.0,High Risk Potential Overload
26.857896321424747,255.9853966415205,0.8758526026225726,2.0,2.0,Overload
6.660038261163958,255.9878855097769,0.002488868256387944,0.0,3.0,Normal
26.95655270864441,256.8934965625792,0.9056110528022454,1.0,4.0,Overload
25.186850510553462,257.21298143070766,0.31948486812845833,2.0,5.0,Normal
19.152505690107603,257.3459096575707,0.1329282268630398,0.0,6.0,Normal
4.0186737731811295,257.3459096575707,0.0,0.0,0.0,Normal
9.007418725163703,257.55244392272414,0.2065342651534312,0.0,1.0,Normal
13.29823448974436,258.0128056080011,0.46036168527694715,0.0,2.0,Normal
23.111778736699083,258.56771046064534,0.5549048526442624,1.0,3.0,High Risk Potential Overload
19.849670043167503,259.48719493072804,0.9194844700826704,0.0,4.0,Overheating (Loose Terminal)
16.840665887528424,259.8501862023765,0.36299127164846334,0.0,5.0,Normal
1.7824886423203323,259.8501862023765,0.0,0.0,0.0,Normal
16.521352605050566,260.45828192029944,0.6080957179229142,0.0,1.0,Overheating (Loose Terminal)
21.32544342472286,260.8276824474809,0.3694005271814716,1.0,2.0,Normal
7.202728149430381,260.8276824474809,0.0,0.0,0.0,Normal
25.984220166411387,261.43241776645954,0.6047353189785929,1.0,1.0,High Risk Potential Overload
8.944050810096712,261.480214640325,0.04779687386545284,0.0,2.0,Normal
18.387839464288348,261.89657009644526,0.41635545612024766,0.0,3.0,Normal
28.662824619705862,262.5382218417879,0.6416517453426289,1.0,4.0,Overload
22.047297580969285,263.45803642932754,0.9198145875396558,2.0,5.0,Potential Overload
17.55948640890139,264.2040674398801,0.7460310105525197,0.0,6.0,Overheating (Loose Terminal)
28.110273926763554,264.9142602753163,0.7101928354362186,1.0,7.0,Overload
8.059603575303228,264.9142602753163,0.0,0.0,0.0,Normal
6.921994530755711,265.235970202714,0.32170992739770043,0.0,1.0,Normal
16.449611272687218,265.235970202714,0.0,0.0,0.0,Normal
29.304814714620548,266.18827285726394,0.9523026545499633,1.0,1.0,Overload
15.29619601805991,266.18827285726394,0.0,0.0,0.0,Normal
7.973260555446262,266.18827285726394,0.0,0.0,0.0,Normal
1.3634461877098714,266.18827285726394,0.0,0.0,0.0,Normal
19.262302231783476,266.70091750474813,0.5126446474841908,0.0,1.0,Overheating (Loose Terminal)
24.892480904971187,267.257357683082,0.5564401783338189,1.0,2.0,High Risk Potential Overload
8.790233772658203,267.257357683082,0.0,0.0,0.0,Normal
4.320763650191992,267.257357683082,0.0,0.0,0.0,Normal
3.040497062572962,267.257357683082,0.0,0.0,0.0,Normal
25.13820381392388,267.5724316692837,0.3150739862016698,1.0,1.0,Normal
21.520025048967298,268.3434681505906,0.7710364813069182,2.0,2.0,Potential Overload
23.152620937943333,268.64334856617495,0.29988041558436285,3.0,3.0,Normal
6.065502951351911,268.64334856617495,0.0,0.0,0.0,Normal
1.2458359626012538,268.64334856617495,0.0,0.0,0.0,Normal
28.32573242555417,269.6748546256837,1.0315060595087193,1.0,1.0,Overload
12.47791672583277,269.82579192588696,0.1509373002032901,0.0,2.0,Normal
2.6142075348039895,269.8431065178676,0.017314591980666094,0.0,3.0,Normal
3.8924502364153013,269.8431065178676,0.0,0.0,0.0,Normal
16.550757911337485,270.4042587939959,0.5611522761282762,0.0,1.0,Overheating (Loose Terminal)
21.099281379857825,270.87537686116855,0.47111806717265275,1.0,2.0,Normal
0.38384553646113373,270.87537686116855,0.0,0.0,0.0,Normal
22.23398735156099,271.52238636019916,0.6470094990306412,1.0,1.0,Potential Overload
0.24241549287786546,271.52238636019916,0.0,0.0,0.0,Normal
28.213834006946907,272.89265470486754,1.3702683446683788,1.0,1.0,Overload
2.19472397355007,272.89265470486754,0.0,0.0,0.0,Normal
16.88714165479232,272.89265470486754,0.0,0.0,0.0,Normal
3.000973293879685,272.89265470486754,0.0,0.0,0.0,Normal
25.284163164318898,273.53275114822924,0.6400964433617142,1.0,1.0,High Risk Potential Overload
9.188935368119733,273.7772144604723,0.24446331224304352,0.0,2.0,Normal
29.598012178535356,275.04401845565434,1.2668039951820629,1.0,3.0,Overload
13.762694121730842,275.16975628579627,0.12573783014193401,0.0,4.0,Normal
16.817431588518453,275.16975628579627,0.0,0.0,0.0,Normal
25.153297181622605,276.06462262168566,0.8948663358894107,1.0,1.0,High Risk Potential Overload
17.902354814130728,276.5964100445594,0.5317874228737437,0.0,2.0,Overheating (Loose Terminal)
1.3330408112137992,276.5964100445594,0.0,0.0,0.0,Normal
14.748675374429713,276.84606573409354,0.24965568953416012,0.0,1.0,Normal
0.8334580120476853,276.84606573409354,0.0,0.0,0.0,Normal
21.64875902398806,276.9997604130582,0.1536946789646616,1.0,1.0,Normal
19.1300279659896,277.69377017081666,0.6940097577584871,0.0,2.0,Overheating (Loose Terminal)
5.930711625753105,277.69377017081666,0.0,0.0,0.0,Normal
26.95233549963373,278.2265825136658,0.5328123428491545,1.0,1.0,Overload
1.9679129942679463,278.2265825136658,0.0,0.0,0.0,Normal
23.385417854925038,278.41679836744294,0.1902158537771647,1.0,1.0,Normal
19.35720069690061,278.6801031797654,0.26330481232245073,0.0,2.0,Normal
26.621972119688373,279.39314142540275,0.7130382456373145,1.0,3.0,Overload
2.4277283631881286,279.39314142540275,0.0,0.0,0.0,Normal
26.795138281870177,280.26320047274544,0.8700590473426671,1.0,1.0,Overload
19.369775551887678,281.0304034419944,0.7672029692489585,0.0,2.0,Overheating (Loose Terminal)
19.599406587177015,281.6122553609896,0.5818519189951729,0.0,3.0,Overheating (Loose Terminal)
14.961463588590643,282.17209832850926,0.5598429675196697,0.0,4.0,Overheating (Loose Terminal)
2.5619149273240005,282.17209832850926,0.0,0.0,0.0,Normal
23.02154050659467,282.6953423776765,0.5232440491672468,1.0,1.0,High Risk Potential Overload
8.788099793889044,282.7476869498655,0.0523445721889777,0.0,2.0,Normal
23.166234406492546,283.02750004649107,0.2798130966255453,1.0,3.0,Normal
17.73849800418539,283.5602357593555,0.5327357128644756,0.0,4.0,Overheating (Loose Terminal)
16.318938779372345,284.23755269468757,0.6773169353320533,0.0,5.0,Overheating (Loose Terminal)
29.27033880275599,284.95331065499875,0.7157579603111611,1.0,6.0,Overload
25.14485547546726,286.0525519816622,1.0992413266634244,2.0,7.0,High Risk Potential Overload
27.988027018497522,287.10811517026815,1.0555631886059476,3.0,8.0,Overload
10.900538377938766,287.6378118286896,0.5296966584214464,0.0,9.0,Overheating (Loose Terminal)
21.388563622173105,287.8720548255277,0.2342429968380924,1.0,10.0,Normal
14.51959819970591,288.4158200653699,0.5437652398422406,0.0,11.0,Overheating (Loose Terminal)
10.11705385903658,288.76237578633294,0.346555720963029,0.0,12.0,Normal
25.880134849426636,289.646730219263,0.8843544329301047,1.0,13.0,High Risk Potential Overload
5.950969026376411,289.646730219263,0.0,0.0,0.0,Normal
17.466458317216155,290.15634448910305,0.5096142698400559,0.0,1.0,Overheating (Loose Terminal)
22.44064471459116,290.7399341992524,0.5835897101493478,1.0,2.0,Potential Overload
4.93357729043246,290.7399341992524,0.0,0.0,0.0,Normal
21.89260289628494,291.23605865992795,0.49612446067553534,1.0,1.0,Normal
22.83632071166009,291.93295964481325,0.6969009848852907,2.0,2.0,Potential Overload
26.543869052341613,292.44817783204576,0.5152181872324968,3.0,3.0,Overload
15.675835689707945,292.7861961306632,0.33801829861741384,0.0,4.0,Normal
15.219815200561877,292.7861961306632,0.0,0.0,0.0,Normal
22.822325041487137,293.88538586285694,1.099189732193737,1.0,1.0,Potential Overload
6.538632326761582,293.88538586285694,0.0,0.0,0.0,Normal
17.53301523656401,294.75837096231237,0.8729850994554479,0.0,1.0,Overheating (Loose Terminal)
8.97221261909085,294.92905253146967,0.1706815691572795,0.0,2.0,Normal
26.337399007681057,295.6374481800315,0.7083956485618822,1.0,3.0,Overload
13.912362929936137,295.6374481800315,0.0,0.0,0.0,Normal
7.109860208827148,295.78713852174997,0.14969034171844153,0.0,1.0,Normal
11.76404533896781,295.85631367858446,0.0691751568345142,0.0,2.0,Normal
1.297071889659367,295.85631367858446,0.0,0.0,0.0,Normal
11.213201888323418,296.02046143959706,0.16414776101262568,0.0,1.0,Normal
16.099779993615396,296.095271159406,0.07480971980898413,0.0,2.0,Normal
25.48430114037108,296.4465444955589,0.3512733361528852,1.0,3.0,Normal
6.6847663739212155,296.56567979136645,0.11913529580752824,0.0,4.0,Normal
28.09753468205166,297.48782558191067,0.9221457905441923,1.0,5.0,Overload
2.949050534125679,297.48782558191067,0.0,0.0,0.0,Normal
1.7720085935923446,297.48782558191067,0.0,0.0,0.0,Normal
14.713262284783797,298.2218362075428,0.7340106256321395,0.0,1.0,Overheating (Loose Terminal)
26.783086795816722,298.98223860062774,0.7604023930849081,1.0,2.0,Overload
15.71303236160464,298.98223860062774,0.0,0.0,0.0,Normal
16.796045712712345,299.2058738381964,0.22363523756866127,0.0,1.0,Normal
11.755387217243964,299.2058738381964,0.0,0.0,0.0,Normal
6.690225774838643,299.2058738381964,0.0,0.0,0.0,Normal
16.63394087351547,299.310641691845,0.10476785364858593,0.0,1.0,Normal
5.974511471775461,299.55004651054907,0.23940481870411356,0.0,2.0,Normal
8.593136254778702,299.8524335737726,0.3023870632235369,0.0,3.0,Normal
22.674912760616497,300.7888225215991,0.9363889478265353,1.0,4.0,Potential Overload
9.659377441707104,300.7888225215991,0.0,0.0,0.0,Normal
14.558786139475304,301.01322298092816,0.22440045932906494,0.0,1.0,Normal
14.590164573047934,301.50824410857166,0.4950211276435064,0.0,2.0,Normal
12.204502989552825,301.50824410857166,0.0,0.0,0.0,Normal
26.912596406404255,302.81048854997533,1.3022444414036707,1.0,1.0,Overload
1.1410944230250863,302.81048854997533,0.0,0.0,0.0,Normal
4.939575981439996,302.96372192956835,0.1532333795930365,0.0,1.0,Normal
5.43899452257262,302.99506991811495,0.03134798854659471,0.0,2.0,Normal
15.534211139103624,302.99506991811495,0.0,0.0,0.0,Normal
0.6722720036656527,302.99506991811495,0.0,0.0,0.0,Normal
22.253208340058357,303.64015101739307,0.645081099278135,1.0,1.0,Potential Overload
6.946866525176853,303.8873276893392,0.24717667194611503,0.0,2.0,Normal
13.275793723511782,304.51451180972833,0.6271841203891395,0.0,3.0,Overheating (Loose Terminal)
18.736449240661837,304.51451180972833,0.0,0.0,0.0,Normal
5.203155819241023,304.51451180972833,0.0,0.0,0.0,Normal
23.30877056199823,305.33412493930234,0.819613129573986,1.0,1.0,High Risk Potential Overload
11.306605091432198,305.3633876805623,0.0292627412599461,0.0,2.0,Normal
26.476745454268197,306.03673132536255,0.6733436448002287,1.0,3.0,Overload
3.024936574698691,306.03673132536255,0.0,0.0,0.0,Normal
17.012321156822757,306.4485701714862,0.4118388461236628,0.0,1.0,Normal
2.2953774373843494,306.4485701714862,0.0,0.0,0.0,Normal
21.609015257100015,307.236856031571,0.7882858600847694,1.0,1.0,Potential Overload
1.634506914935565,307.236856031571,0.0,0.0,0.0,Normal
3.315490803265515,307.34832871873454,0.11147268716355807,0.0,1.0,Normal
27.021201035961976,308.16168433153325,0.813355612798706,1.0,2.0,Overload
13.019469343019082,308.3580896680911,0.19640533655785958,0.0,3.0,Normal
10.250052975406634,308.6769959340943,0.3189062660031712,0.0,4.0,Normal
1.0391315510853683,308.6769959340943,0.0,0.0,0.0,Normal
5.1724166977607755,308.6769959340943,0.0,0.0,0.0,Normal
15.1350301137727,308.9531332992869,0.27613736519257237,0.0,1.0,Normal
17.556601563040818,309.7105452323905,0.75741193310357,0.0,2.0,Overheating (Loose Terminal)
23.149165902433854,310.3192428716932,0.6086976393026808,1.0,3.0,High Risk Potential Overload
27.948112286789915,310.74381590725824,0.42457303556505555,2.0,4.0,Overload
9.278627536246656,311.1169674899321,0.3731515826738929,0.0,5.0,Normal
9.956250160685805,311.1169674899321,0.0,0.0,0.0,Normal
16.44206321200451,311.3194906580399,0.20252316810778778,0.0,1.0,Normal
29.680289885107307,312.007271611423,0.6877809533830544,1.0,2.0,Overload
5.742759161691511,312.0872639885414,0.07999237711841489,0.0,3.0,Normal
12.691648351006075,312.5197605657076,0.43249657716619777,0.0,4.0,Normal
18.301801368140865,312.96787950136076,0.44811893565318317,0.0,5.0,Normal
13.91798236337605,313.4570399699678,0.48916046860705686,0.0,6.0,Normal
17.14358513997506,314.2203624817323,0.7633225117645194,0.0,7.0,Overheating (Loose Terminal)
19.67042945430444,314.3445954824963,0.1242330007639804,0.0,8.0,Normal
3.6844967847605226,314.4228100317422,0.07821454924589655,0.0,9.0,Normal
3.0420856644454575,314.4228100317422,0.0,0.0,0.0,Normal
1.6692816997876658,314.4228100317422,0.0,0.0,0.0,Normal
25.546860962189744,315.66727969511084,1.2444696633686576,1.0,1.0,High Risk Potential Overload
19.682206380729955,316.31931001295095,0.6520303178401248,0.0,2.0,Overheating (Loose Terminal)
3.3190979059157,316.3671926665514,0.04788265360042898,0.0,3.0,Normal
3.244668115649587,316.3671926665514,0.0,0.0,0.0,Normal
10.547992442453527,316.61394591104323,0.2467532444918349,0.0,1.0,Normal
21.714659261787265,317.43117536447295,0.8172294534297256,1.0,2.0,Potential Overload
17.163541063143278,318.1084159314918,0.67724056701882,0.0,3.0,Overheating (Loose Terminal)
14.20485597246623,318.13300884329885,0.024592911807059914,0.0,4.0,Normal
16.432737954209433,318.41391093818254,0.28090209488368556,0.0,5.0,Normal
9.884248945005998,318.73637263787003,0.32246169968751826,0.0,6.0,Normal
3.475231862714876,318.73637263787003,0.0,0.0,0.0,Normal
21.9057373067118,319.0715336159616,0.33516097809153467,1.0,1.0,Normal
6.9588282316433325,319.0715336159616,0.0,0.0,0.0,Normal
26.860328263935067,320.0354785966368,0.9639449806751845,1.0,1.0,Overload
16.8289510616952,320.3482133171197,0.31273472048292456,0.0,2.0,Normal
26.70727924466163,320.8098420209173,0.4616287037975843,1.0,3.0,Overload
6.50208030863398,320.8212732330351,0.011431212117796408,0.0,4.0,Normal
3.4976287435191877,320.85189192911685,0.03061869608174561,0.0,5.0,Normal
16.7408225048588,320.9682091428142,0.11631721369735049,0.0,6.0,Normal
13.883011470196621,321.1750144694691,0.20680532665488394,0.0,7.0,Normal
4.252887527421922,321.1750144694691,0.0,0.0,0.0,Normal
13.06325581062566,321.76648207844886,0.5914676089797657,0.0,1.0,Overheating (Loose Terminal)
27.894582988817724,322.94965857114306,1.183176492694185,1.0,2.0,Overload
5.20573715132006,323.1171404594149,0.16748188827183275,0.0,3.0,Normal
11.2088126196088,323.1171404594149,0.0,0.0,0.0,Normal
9.207165424038525,323.4420623401395,0.32492188072459616,0.0,1.0,Normal
7.608010979408193,323.7992632176206,0.3572008774810689,0.0,2.0,Normal
8.450968566238892,323.7992632176206,0.0,0.0,0.0,Normal
29.262688969792357,324.5424349956607,0.7431717780401073,1.0,1.0,Overload
23.62996407415708,325.63470336101244,1.0922683653517693,2.0,2.0,High Risk Potential Overload
28.244160991572947,326.06491796619156,0.43021460517910187,3.0,3.0,Overload
27.54003892863291,326.74667100800934,0.6817530418177788,4.0,4.0,Overload
23.53369078573437,327.7961093868622,1.0494383788528463,5.0,5.0,High Risk Potential Overload
14.073719549215916,328.04049384096794,0.24438445410570614,0.0,6.0,Normal
4.83787656517678,328.04049384096794,0.0,0.0,0.0,Normal
6.0253052152000075,328.04049384096794,0.0,0.0,0.0,Normal
5.998382230139693,328.08360615120654,0.04311231023858797,0.0,1.0,Normal
18.057899903839743,328.8387650207897,0.7551588695831686,0.0,2.0,Overheating (Loose Terminal)
11.864431402147686,329.32428908903677,0.4855240682470365,0.0,3.0,Normal
1.5793832438165722,329.32428908903677,0.0,0.0,0.0,Normal
21.31203240053835,329.9726975441472,0.6484084551104071,1.0,1.0,Potential Overload
28.701264844537853,330.9292064754177,0.9565089312704822,2.0,2.0,Overload
16.627470287714196,331.35955849798063,0.4303520225629204,0.0,3.0,Normal
1.877145696467124,331.36304260224057,0.003484104259948606,0.0,4.0,Normal
16.58573598633511,332.07130830183957,0.7082656995990227,0.0,5.0,Overheating (Loose Terminal)
10.348927035100825,332.07130830183957,0.0,0.0,0.0,Normal
8.691919217174235,332.27978391842845,0.20847561658886804,0.0,1.0,Normal
17.850465799096924,332.61568722276246,0.3359033043340339,0.0,2.0,Normal
12.626151061839774,332.83869193816076,0.22300471539831423,0.0,3.0,Normal
23.136901215373257,333.5079007764752,0.6692088383144535,1.0,4.0,High Risk Potential Overload
7.690226552896251,333.5079007764752,0.0,0.0,0.0,Normal
19.01062105172407,334.0590828956098,0.5511821191345593,0.0,1.0,Overheating (Loose Terminal)
25.556394535456825,334.97100665375893,0.9119237581491726,1.0,2.0,High Risk Potential Overload
5.08783161683694,334.97100665375893,0.0,0.0,0.0,Normal
0.9129749100476747,334.97100665375893,0.0,0.0,0.0,Normal
19.430653818021014,335.27388635176305,0.30287969800410147,0.0,1.0,Normal
3.9219542547678587,335.27388635176305,0.0,0.0,0.0,Normal
4.1398515687685356,335.27388635176305,0.0,0.0,0.0,Normal
0.15328065298450655,335.27388635176305,0.0,0.0,0.0,Normal
2.1605150826138275,335.27388635176305,0.0,0.0,0.0,Normal
26.148437790323708,336.0939759672357,0.8200896154726018,1.0,1.0,Overload
18.635074388656328,336.4227447279057,0.32876876067000804,0.0,2.0,Normal
12.341330322356026,336.4227447279057,0.0,0.0,0.0,Normal
10.148238774356177,336.80437919130867,0.3816344634029846,0.0,1.0,Normal
14.045175320633286,337.4994547963394,0.6950756050307346,0.0,2.0,Overheating (Loose Terminal)
5.49463051039039,337.4994547963394,0.0,0.0,0.0,Normal
8.220421505310915,337.8180868741615,0.3186320778221007,0.0,1.0,Normal
26.471146926816335,338.4510169383651,0.6329300642035989,1.0,2.0,Overload
29.5955446033649,339.7519924510836,1.3009755127184714,2.0,3.0,Overload
12.72802740366814,339.7519924510836,0.0,0.0,0.0,Normal
1.1904940069554337,339.7519924510836,0.0,0.0,0.0,Normal
2.2897527613181023,339.7519924510836,0.0,0.0,0.0,Normal
7.381060435218332,339.7519924510836,0.0,0.0,0.0,Normal
15.023560956168362,339.7519924510836,0.0,0.0,0.0,Normal
7.095425836719684,340.0484894545385,0.29649700345490926,0.0,1.0,Normal
13.573399133451296,340.089079402049,0.04058994751042977,0.0,2.0,Normal
0.20262368055486757,340.089079402049,0.0,0.0,0.0,Normal
26.513161215103374,341.2884360562705,1.1993566542215137,1.0,1.0,Overload
22.08502574763321,342.295140650938,1.0067045946675022,2.0,2.0,Potential Overload
10.679349450955275,342.295140650938,0.0,0.0,0.0,Normal
8.44068520255278,342.295140650938,0.0,0.0,0.0,Normal
11.543997734691017,342.295140650938,0.0,0.0,0.0,Normal
11.172847929008507,342.295140650938,0.0,0.0,0.0,Normal
26.870624837327455,343.48427625579427,1.1891356048562796,1.0,1.0,Overload
8.598621547802964,343.58717395557886,0.10289769978458052,0.0,2.0,Normal
6.126269975564254,343.68247261427786,0.095298658699006,0.0,3.0,Normal
15.96760681036705,344.3032753284645,0.6208027141866309,0.0,4.0,Overheating (Loose Terminal)
29.249717122570864,345.19674640510635,0.8934710766418394,1.0,5.0,Overload
11.643974931882276,345.19674640510635,0.0,0.0,0.0,Normal
14.111717252876492,345.5907372862423,0.3939908811359614,0.0,1.0,Normal
3.3372040339750564,345.5907372862423,0.0,0.0,0.0,Normal
17.801940703676166,345.82671178216395,0.23597449592166572,0.0,1.0,Normal
0.5089551981150175,345.82671178216395,0.0,0.0,0.0,Normal
6.812083331625834,345.82671178216395,0.0,0.0,0.0,Normal
6.224349901267871,345.82671178216395,0.0,0.0,0.0,Normal
7.2918745639508,345.82671178216395,0.0,0.0,0.0,Normal
25.086014590765032,346.76928674748245,0.9425749653184887,1.0,1.0,High Risk Potential Overload
9.711793993187957,346.76928674748245,0.0,0.0,0.0,Normal
19.280348142354047,347.11751086758596,0.34822412010350257,0.0,1.0,Normal
0.6191158183868706,347.11751086758596,0.0,0.0,0.0,Normal
0.46704192656371823,347.11751086758596,0.0,0.0,0.0,Normal
5.7848954394530905,347.3068388225751,0.18932795498913524,0.0,1.0,Normal
19.118376579106386,347.5767243689078,0.2698855463326721,0.0,2.0,Normal
26.426485888315156,348.724756023065,1.1480316541572453,1.0,3.0,Overload
23.59564894036871,349.86567395549105,1.1409179324260286,2.0,4.0,High Risk Potential Overload
7.710238094738447,349.86567395549105,0.0,0.0,0.0,Normal
3.082900863569742,349.86567395549105,0.0,0.0,0.0,Normal
15.2380362520974,350.4612257300335,0.5955517745424556,0.0,1.0,Overheating (Loose Terminal)
6.0466649870298745,350.4612257300335,0.0,0.0,0.0,Normal
1.1529516439804977,350.4612257300335,0.0,0.0,0.0,Normal
19.328347717328146,350.98535194215,0.5241262121164513,0.0,1.0,Overheating (Loose Terminal)
11.60935201987392,350.98535194215,0.0,0.0,0.0,Normal
12.524686428421276,351.10048409536347,0.11513215321351516,0.0,1.0,Normal
19.876967777993965,351.9746472464121,0.8741631510486253,0.0,2.0,Overheating (Loose Terminal)
11.387547223645655,352.16468508741895,0.19003784100686677,0.0,3.0,Normal
7.902754865286372,352.16468508741895,0.0,0.0,0.0,Normal
10.860491679153263,352.16468508741895,0.0,0.0,0.0,Normal
29.185091498435177,353.34608289779663,1.1813978103776648,1.0,1.0,Overload
17.3993831929537,353.3467044012678,0.000621503471147894,0.0,2.0,Normal
22.123387325701636,354.2470844301023,0.9003800288344872,1.0,3.0,Potential Overload
17.541811620363777,355.06821710494586,0.8211326748435867,0.0,4.0,Overheating (Loose Terminal)
9.25351210130787,355.51188008817394,0.4436629832280785,0.0,5.0,Normal
17.270950450290904,355.9641591328198,0.45227904464586505,0.0,6.0,Normal
5.715671110517404,355.9641591328198,0.0,0.0,0.0,Normal
24.47886456140725,356.6993778230909,0.7352186902711136,1.0,1.0,High Risk Potential Overload
11.545580584662625,357.1422339979486,0.44285617485768347,0.0,2.0,Normal
24.66825787716435,358.20316581391313,1.0609318159645207,1.0,3.0,High Risk Potential Overload
26.16176056310016,359.4673009856801,1.2641351717669411,2.0,4.0,Overload
2.1852842061924282,359.4673009856801,0.0,0.0,0.0,Normal
16.93937708414121,360.20736004508257,0.7400590594024754,0.0,1.0,Overheating (Loose Terminal)
17.669295259721213,360.539143863438,0.3317838183554829,0.0,2.0,Normal
12.531850221864204,361.0921189812613,0.5529751178232969,0.0,3.0,Overheating (Loose Terminal)
9.536869366356342,361.2566844920097,0.16456551074837777,0.0,4.0,Normal
27.232791883833972,361.7527592156095,0.49607472359982047,1.0,5.0,Overload
7.17431050834027,361.915911948706,0.16315273309651845,0.0,6.0,Normal
4.214099277344063,362.08406493161135,0.16815298290529934,0.0,7.0,Normal
19.956417113639564,362.7587070861507,0.6746421545393738,0.0,8.0,Overheating (Loose Terminal)
23.651574567115738,362.95560109217354,0.19689400602284687,1.0,9.0,Normal
28.507301373006083,364.1214422927774,1.1658412006038232,2.0,10.0,Overload
15.06855844513938,364.643792997142,0.5223507043646101,0.0,11.0,Overheating (Loose Terminal)
15.322318655911724,365.2558303696153,0.6120373724733184,0.0,12.0,Overheating (Loose Terminal)
1.7720942793935812,365.2558303696153,0.0,0.0,0.0,Normal
8.150860620648617,365.2558303696153,0.0,0.0,0.0,Normal
6.976410679389586,365.2558303696153,0.0,0.0,0.0,Normal
29.529192233680234,365.8046064565572,0.5487760869419503,1.0,1.0,Overload
25.70318939403071,366.38933160421266,0.5847251476554094,2.0,2.0,High Risk Potential Overload
10.012485361408356,366.6844714167738,0.29513981256116645,0.0,3.0,Normal
21.452034103175762,366.8299749573005,0.14550354052669162,1.0,4.0,Normal
5.9058098809588655,366.8299749573005,0.0,0.0,0.0,Normal
16.069654865937693,367.5626857542293,0.7327107969287385,0.0,1.0,Overheating (Loose Terminal)
18.122220042649943,367.79029245760967,0.22760670338037908,0.0,2.0,Normal
4.520579956319994,367.79029245760967,0.0,0.0,0.0,Normal
26.431437864390407,368.46967843494275,0.6793859773330693,1.0,1.0,Overload
2.4584135693077513,368.4812581936735,0.011579758730786205,0.0,2.0,Normal
8.98699484079284,368.51647272416665,0.035214530493161256,0.0,3.0,Normal
1.4355161245302606,368.51647272416665,0.0,0.0,0.0,Normal
14.279052650131796,369.05296015105745,0.5364874268907864,0.0,1.0,Overheating (Loose Terminal)
25.972508706671,369.87175547870174,0.8187953276443012,1.0,2.0,High Risk Potential Overload
15.506923008062712,369.9185110095516,0.04675553084984996,0.0,3.0,Normal
5.685481858550334,369.9185110095516,0.0,0.0,0.0,Normal
1.0866406964580766,369.9185110095516,0.0,0.0,0.0,Normal
0.0026938600897064013,369.9185110095516,0.0,0.0,0.0,Normal
5.52339115641799,369.9185110095516,0.0,0.0,0.0,Normal
16.78676984712005,369.9185110095516,0.0,0.0,0.0,Normal
14.818081123041429,369.975685215433,0.057174205881378226,0.0,1.0,Normal
7.204678376008557,369.975685215433,0.0,0.0,0.0,Normal
23.820131258266287,370.9556242501223,0.9799390346893215,1.0,1.0,High Risk Potential Overload
24.904356776188767,372.11078523278616,1.1551609826638303,2.0,2.0,High Risk Potential Overload
19.281568329802163,372.1641531738018,0.05336794101568105,0.0,3.0,Normal
9.876280809138574,372.1641531738018,0.0,0.0,0.0,Normal
14.077141832686625,372.1641531738018,0.0,0.0,0.0,Normal
14.260921012686374,372.54358463801435,0.37943146421252516,0.0,1.0,Normal
27.849340112257046,373.88682435135854,1.3432397133441905,1.0,2.0,Overload
23.68246987775499,374.17631276749717,0.289488416138606,2.0,3.0,Normal
26.797342993283245,374.56436592955464,0.3880531620574585,3.0,4.0,Overload
19.135996309685723,375.0215668907491,0.4572009611944874,0.0,5.0,Normal
9.15399210318588,375.0215668907491,0.0,0.0,0.0,Normal
7.396265119743532,375.0215668907491,0.0,0.0,0.0,Normal
24.74853988713491,376.0811737719223,1.0596068811731687,1.0,1.0,High Risk Potential Overload
22.907946492287923,376.8839245787068,0.8027508067845247,2.0,2.0,Potential Overload
17.6031347584297,376.97982199580474,0.09589741709793913,0.0,3.0,Normal
12.155042445054452,376.97982199580474,0.0,0.0,0.0,Normal
13.032795209545531,377.37005921441437,0.39023721860960725,0.0,1.0,Normal
12.896652080446277,377.41002272604817,0.03996351163381706,0.0,2.0,Normal
22.79293747404648,378.43988460238666,1.0298618763384983,1.0,3.0,Potential Overload
7.355719755123058,378.43988460238666,0.0,0.0,0.0,Normal
10.317238054246562,378.43988460238666,0.0,0.0,0.0,Normal
21.132240497894585,378.87559067595333,0.43570607356666546,1.0,1.0,Normal
0.3865526183520207,378.87559067595333,0.0,0.0,0.0,Normal
9.857291688948933,378.87559067595333,0.0,0.0,0.0,Normal
11.90263349811363,378.87559067595333,0.0,0.0,0.0,Normal
19.269984817751766,379.3581221969705,0.48253152101713703,0.0,1.0,Normal
6.237277158337664,379.4439774330401,0.08585523606964562,0.0,2.0,Normal
25.69166442888725,380.7045744777637,1.2605970447235761,1.0,3.0,High Risk Potential Overload
0.33895329779161987,380.7045744777637,0.0,0.0,0.0,Normal
22.081865062085186,381.0742505638265,0.36967608606286534,1.0,1.0,Normal
5.866172215611294,381.1407010485258,0.06645048469923609,0.0,2.0,Normal
6.961911863365762,381.1407010485258,0.0,0.0,0.0,Normal
5.9960105513047175,381.1407010485258,0.0,0.0,0.0,Normal
28.623547442855095,381.59547338531405,0.4547723367882839,1.0,1.0,Overload
28.048785719687633,382.7782887948694,1.182815409555362,2.0,2.0,Overload
7.960105859090056,382.7782887948694,0.0,0.0,0.0,Normal
4.564707269873982,382.7782887948694,0.0,0.0,0.0,Normal
14.948888131933879,382.99954302986407,0.22125423499464053,0.0,1.0,Normal
19.15579601976408,383.9000571499464,0.9005141200823162,0.0,2.0,Overheating (Loose Terminal)
29.921951114077984,384.9406370384506,1.0405798885041622,1.0,3.0,Overload
21.680445365550757,385.3903400549895,0.44970301653890915,2.0,4.0,Normal
3.9166616826854006,385.3903400549895,0.0,0.0,0.0,Normal
15.626437114946102,385.7499603101572,0.3596202551676657,0.0,1.0,Normal
16.222475398669417,386.19703878725437,0.4470784770971993,0.0,2.0,Normal
13.48260591072126,386.19703878725437,0.0,0.0,0.0,Normal
18.349716862639806,386.4050291360578,0.20799034880341066,0.0,1.0,Normal
17.802822747920292,387.0028916237213,0.5978624876635421,0.0,2.0,Overheating (Loose Terminal)
2.946060885579407,387.0028916237213,0.0,0.0,0.0,Normal
8.953468508208367,387.0028916237213,0.0,0.0,0.0,Normal
25.766937515510577,387.53313179360975,0.530240169888418,1.0,1.0,High Risk Potential Overload
13.592406654702156,387.53313179360975,0.0,0.0,0.0,Normal
16.139309817679873,387.7997621548964,0.26663036128665485,0.0,1.0,Normal
8.656320044189385,387.7997621548964,0.0,0.0,0.0,Normal
8.910832774837818,387.7997621548964,0.0,0.0,0.0,Normal
16.872993281036475,388.62460434811237,0.8248421932159395,0.0,1.0,Overheating (Loose Terminal)
28.684064295342004,389.30078469319653,0.6761803450841456,1.0,2.0,Overload
22.772331340080854,390.3908310705624,1.090046377365875,2.0,3.0,Potential Overload
27.405505251714438,391.7422500649399,1.3514189943775439,3.0,4.0,Overload
5.190835663521806,391.7422500649399,0.0,0.0,0.0,Normal
1.4616312405402998,391.7422500649399,0.0,0.0,0.0,Normal
22.710968848053547,392.67039362363096,0.9281435586910607,1.0,1.0,Potential Overload
29.49331433538199,394.1051949448055,1.4348013211745467,2.0,2.0,Overload
19.546158159830075,394.83981305993143,0.7346181151259426,0.0,3.0,Overheating (Loose Terminal)
9.5380021293594,395.0350443417714,0.19523128183997396,0.0,4.0,Normal
12.812303670977748,395.34226000436695,0.3072156625955066,0.0,5.0,Normal
11.301706249055126,395.67897222779834,0.336712223431364,0.0,6.0,Normal
0.2420623355221485,395.67897222779834,0.0,0.0,0.0,Normal
18.52388136863564,395.8338430758337,0.1548708480353907,0.0,1.0,Normal
4.4415174138664115,395.8338430758337,0.0,0.0,0.0,Normal
27.559752980429522,396.3072300021684,0.47338692633468676,1.0,1.0,Overload
0.5833952729052894,396.3072300021684,0.0,0.0,0.0,Normal
2.370052471963031,396.3072300021684,0.0,0.0,0.0,Normal
18.390620493120995,397.22001604224744,0.9127860400790138,0.0,1.0,Overheating (Loose Terminal)
15.22015846990784,397.3527480321452,0.13273198989773524,0.0,2.0,Normal
15.085299466940453,398.02543943763766,0.6726914054924313,0.0,3.0,Overheating (Loose Terminal)
26.194103274344887,398.6922657606554,0.6668263230177471,1.0,4.0,Overload
23.259012449360704,399.419290411957,0.7270246513015529,2.0,5.0,High Risk Potential Overload
13.132621474157522,399.419290411957,0.0,0.0,0.0,Normal
18.364781733508742,399.43933318158196,0.02004276962497402,0.0,1.0,Normal
4.417055659260178,399.43933318158196,0.0,0.0,0.0,Normal
3.504435442116547,399.4813253081938,0.041992126611827496,0.0,1.0,Normal
19.009183411505916,400.0134067717583,0.5320814635644894,0.0,2.0,Overheating (Loose Terminal)
11.601776693389091,400.110193991654,0.09678721989572231,0.0,3.0,Normal
23.54246459375567,400.6403676129421,0.530173621288086,1.0,4.0,High Risk Potential Overload
29.51810861835365,402.00883127134625,1.3684636584041572,2.0,5.0,Overload
15.607310060137634,402.26553250765426,0.2567012363079805,0.0,6.0,Normal
4.093602181145679,402.26553250765426,0.0,0.0,0.0,Normal
6.631293981343875,402.45212740834137,0.1865949006871288,0.0,1.0,Normal
1.4231657034686562,402.45212740834137,0.0,0.0,0.0,Normal
25.56228394165651,403.1396536772412,0.6875262688998438,1.0,1.0,High Risk Potential Overload
28.522433351194643,403.89796637791653,0.7583127006753367,2.0,2.0,Overload
15.422456317037732,404.3237398806344,0.4257735027178411,0.0,3.0,Normal
17.51766167034114,404.73871751688745,0.4149776362530658,0.0,4.0,Normal
8.504563708753878,404.73871751688745,0.0,0.0,0.0,Normal
15.310935010317216,404.73871751688745,0.0,0.0,0.0,Normal
10.450203621711768,404.73871751688745,0.0,0.0,0.0,Normal
23.035127981247047,405.1946726355861,0.45595511869863325,1.0,1.0,Normal
4.608333242346998,405.1946726355861,0.0,0.0,0.0,Normal
29.70160949819357,405.9040465937808,0.7093739581947236,1.0,1.0,Overload
14.837926539174301,406.49436829983,0.5903217060492398,0.0,2.0,Overheating (Loose Terminal)
6.058618112808585,406.49436829983,0.0,0.0,0.0,Normal
28.351015198550726,407.0935330275141,0.599164727684139,1.0,1.0,Overload
18.038803934983,407.802166743958,0.7086337164438893,0.0,2.0,Overheating (Loose Terminal)
27.788234337138725,408.58477366184286,0.7826069178848585,1.0,3.0,Overload
13.220285084946406,408.58477366184286,0.0,0.0,0.0,Normal
14.186416569452192,408.58477366184286,0.0,0.0,0.0,Normal
26.253955024627004,409.84969319877183,1.2649195369289448,1.0,1.0,Overload
5.306522751109339,409.84969319877183,0.0,0.0,0.0,Normal
14.288483281424844,410.323122645365,0.47342944659317315,0.0,1.0,Normal
10.277089284135354,410.3458676651628,0.022745019797823562,0.0,2.0,Normal
18.65849725139344,411.10629884760573,0.7604311824428933,0.0,3.0,Overheating (Loose Terminal)
14.286532714699952,411.28234162715387,0.1760427795481167,0.0,4.0,Normal
27.25135884527957,412.37389063107366,1.0915490039197948,1.0,5.0,Overload
23.46664430407972,413.35429375014434,0.9804031190706889,2.0,6.0,High Risk Potential Overload
6.906839044897756,413.35429375014434,0.0,0.0,0.0,Normal
28.708835013731342,414.4909053624212,1.1366116122768268,1.0,1.0,Overload
26.05865514962314,415.7409287870109,1.250023424589676,2.0,2.0,Overload
7.610354197397891,415.7409287870109,0.0,0.0,0.0,Normal
27.609995388680325,416.50578359496905,0.7648548079581512,1.0,1.0,Overload
16.779946554360215,416.50578359496905,0.0,0.0,0.0,Normal
29.732313987534514,417.43006062249395,0.9242770275249292,1.0,1.0,Overload
14.097420200867635,417.95205977455294,0.5219991520589669,0.0,2.0,Overheating (Loose Terminal)
19.340705505122923,417.97076377146703,0.018703996914107242,0.0,3.0,Normal
14.369078946451001,418.55185818993874,0.581094418471729,0.0,4.0,Overheating (Loose Terminal)
16.00006963527363,418.90456874742097,0.3527105574822267,0.0,5.0,Normal
2.6343005715818713,418.90456874742097,0.0,0.0,0.0,Normal
6.195757184181985,418.90456874742097,0.0,0.0,0.0,Normal
